s,name,country_id
100877359h,Müritz Hotel,183
1011881h,Burg Großfurra,183
1015042h,Burghaus Burgsahr,183
10332618h,Mosteiro de Flor da Rosa,45
103331335h,"32 Bond Street, Ross",408
10343928h,Palácio Belmonte,45
10344021h,Palácio de Estói,45
10352192h,Convento das Chagas (Vila Viçosa),45
10352195h,Convento dos Lóios,45
10352198h,Pousada de Condeixa-a-Nova,45
10352202h,Capela e Hospital da Santa Casa da Misericórdia de Ourém,45
10352206h,Pousada de Viseu,45
10352207h,Antigo Convento do Desagravo do Santíssimo Sacramento,45
10352211h,Convento de Nossa Senhora da Boa Esperança,45
10352218h,Solar da Rede,45
10352219h,Convento dos Lóios,45
104083353h,Commercial Hotel,408
104234251h,British Hotel,408
104830558h,Welsbach Building,30
1049027h,Jumeirah Emirates Towers Hotel,878
1049209h,The Venetian,30
1051604h,Four Queens,30
10524043h,Hilton Nairobi,114
10524047h,Hilton Stockholm Slussen,34
10526554h,Hotel Knaust,34
10526572h,Hotel Billingen,34
105554563h,Heliopolis Towers Hotel,79
105621651h,Oubangui Hotel,929
106090892h,"Overtoom 33, Amsterdam",55
106192327h,Can Ferrandell,29
1063195h,Torre de Madrid,29
106393048h,Hampton by Hilton Bursa,43
1064873h,Excalibur Hotel and Casino,30
106996884h,Na můstku 10,213
107121457h,Brinker Collegiate Institute,30
107168152h,Manor House Hotel,30
107607598h,Hotel Dudley,30
108294146h,"Flour Mill at 129 Port avenue, Valencia",29
108309815h,Can Cera,29
108516880h,Villa Balbi,38
108729880h,Kasteel Solhof,31
108865646h,Lamar Hotel,30
108865673h,Union Hotel,30
1092961h,Circus Circus Las Vegas,30
109451447h,Panquinkazerne,31
1096141h,Act Tower,17
110010967h,"SAii Lagoon Maldives, Curio Collection by Hilton",826
110041692h,Central téléphonique Ségur,142
110147122h,Hilton Garden Inn London Heathrow Terminals 2 and 3,145
110251555h,Ostrovní 15,213
110407965h,Tours Odyssey,142
110660109h,Silk Road Hotel (Yazd),794
110660372h,Dalan-e Behesht Hotel,794
110664670h,Khesht Abad Hotel,794
1106716h,"Kempinski Hotel Corvinus, Budapest",28
110681137h,Zoerselhof,31
110735133h,Can Balaguer,29
1107391h,Sands Hotel and Casino,30
110831132h,Casa Gabino Bobo,29
111041461h,DoubleTree by Hilton Hannover Schweizerhof,183
111243216h,Hilton Singapore Orchard,334
111445383h,Chestnut Residence and Conference Centre,16
1116194h,The Leland Hotel,30
112111547h,Lepopirtti,33
112147576h,Torenhuis,31
112168936h,De Gouden Leeuw,31
1127749h,Hotel Kämp,33
113051152h,Putnam House,30
113163876h,St. James Hotel,30
113164074h,Windsor Hotel,30
113164146h,Palmetto House,30
113164237h,Clarendon Hotel,30
113171856h,Union House,30
11330330h,Hilton Nagoya,17
11330330h,Hilton Nagoya,252
11330332h,Hilton Odawara Resort & Spa,17
11330335h,Hilton Tokyo Bay,17
113564549h,Hôtel La Pérouse,142
1136654h,The D Las Vegas,30
1136841h,Fremont Hotel and Casino,30
11415297h,JR Gate Tower,17
114289194h,Grand Hôtel G. Scheers,31
1143174h,Ritz-Carlton Toronto,16
1147483h,Sahara Las Vegas,30
115282741h,Nedermolen,31
116215655h,Hotel Antonio Perez,31
11700542h,Prince George Hotel,30
1189944h,Hotel Porta Fira,29
1200583h,Desert Inn,30
12020416h,Hotel Paříž,213
12072758h,Westin Book Cadillac Hotel,30
1237113h,Convento de Santa Maria do Bouro,45
12495h,Burj Khalifa,878
1281171h,Trump Hotel Las Vegas,30
1304383h,Waldorf Astoria Las Vegas,30
13049756h,Canfranc-Estación,29
1309059h,Wynn Las Vegas,30
13103085h,Hôtel de Paris,32
1324543h,El Rancho Hotel & Motel,30
1340132h,Encore,30
1340365h,Westgate Las Vegas Resort & Casino,30
1342565h,Planet Hollywood Resort & Casino,30
1347033h,Dunes,30
13529145h,"The Biltmore Mayfair, LXR Hotels & Resorts",145
13529180h,Hilton London Hyde Park,145
1360313h,Treasure Island Hotel and Casino,30
1368043h,Mandalay Bay,30
1368798h,SEG Plaza,148
1401439h,Schüttkasten Geras,40
1412478h,"The Waldorf Hilton, London",145
1426968h,Flamingo Las Vegas,30
1429071h,New York-New York Hotel and Casino,30
1430318h,Rossiya Hotel,159
1436845h,Cosmopolitan of Las Vegas,30
145361h,Gezirah Palace,79
1457875h,Villa Crespi,38
14683065h,"333 Battery Street, San Francisco,",30
14689609h,Jackson Hotel,30
14693298h,Magnolia Hotel,30
14705265h,Resorts World Las Vegas,30
14753688h,"Casa Alberola Alicante, Curio Collection by Hilton",29
1481002h,The Ritz London,145
14954702h,107 Piccadilly,145
1504641h,Kaufhaus Jonaß,183
15068974h,Zein-o-Din Caravanserai,794
1514587h,The Palazzo,30
15228738h,InterContinental Budapest,28
1535018h,Golden Nugget Las Vegas Hotel & Casino,30
1535845h,Riviera Hotel and Casino,30
1541365h,Renaissance Center,30
15640601h,Palacio del Marqués de Velada,29
1580067h,Harrah's Las Vegas,30
1585008h,Hard Rock Hotel and Casino,30
15909474h,Hengshan Picardie Hotel,148
15923583h,Conrad Hong Kong,148
15978898h,Berry Head House,145
16256099h,The Caledonian,145
1630814h,Hotel Weiss Kreuz,39
1630833h,"Hotel Berlin, Berlin",183
1630837h,Hotel Bodenhaus,39
1630911h,Hilton Warsaw City,36
16318627h,Abeno Harukas,17
1637090h,"South Point Hotel, Casino & Spa",30
16528268h,Aquarium et Musée de la Mer de Dinard,142
16621592h,Villa Torretta,38
167870h,Boardwalk Hotel and Casino,30
1682221h,Dagebüll lighthouse,183
16833188h,Lloyd-Bahnhof,183
16843761h,Hilton Diagonal Mar Barcelona,29
168575h,CTF Finance Centre,148
16890775h,Crown Sydney,408
16949846h,B&O Railroad Headquarters Building,30
16995460h,Wyndham Springfield City Centre,30
17043498h,Viciebsk,184
17183802h,"Castle Hotel, Ruthin",145
17226268h,Hilton Tokyo,17
17229982h,Hilton Fukuoka Sea Hawk,17
17390148h,Citadel of Cascais,45
1743514h,Kirkland Hotel,30
17444603h,Hilton Frankfurt Airport,183
17444624h,Hilton Garden Inn Frankfurt Airport,183
17444904h,DoubleTree by Hilton Hotel London - Docklands Riverside,145
17512898h,Arlington Hotel,16
17532427h,Stanley House,145
17533843h,Polebarn House,145
17534979h,5 and 7 High Street and Falcon Hotel Annexe,145
17544934h,Barton Seagrave Hall,145
17549646h,"2, 3 and 4, Regency Square",145
17554574h,Fritton Old Hall,145
17557267h,11 Market End,145
17619057h,Agronomitalo,33
17793480h,Hilton Edinburgh Carlton,145
17834531h,1 Tower Knowe,145
17834546h,"Hawick, 1 Tower Dykeside",145
17834566h,"Hawick, 3, 4 Tower Dykeside",145
17835167h,2 Tower Dykeside,145
1795050h,Palace Station,30
18008489h,Torre del Remei,29
18112026h,DoubleTree by Hilton Hotel London - Chelsea,145
18286846h,Waldorf Astoria Amsterdam,55
18340195h,Hybernská 12,213
18509174h,Fayrouz Ressort,79
18509281h,Hilton Hurghada Resort,79
18534517h,Hilton London Syon Park,145
18536h,The Shard,145
18547h,Shanghai Tower,148
18712428h,Makkah Clock Royal Tower Hotel,851
1874734h,Hotel International Prague,213
18760038h,Munkkiniemi education center,33
1879918h,Löwenburger Hof,183
18813051h,Hilton Rotterdam,55
189476h,Abraj Al Bait,851
19307691h,Hilton Garden Inn London Heathrow Airport,145
19348190h,"25, place Dauphine",142
19362430h,Gasthof Krone,39
1943482h,Hilton Molino Stucky Venice,38
19513101h,Hilton Manchester Deansgate,145
19564041h,Hedemora stadshotell,34
19817552h,Delta Toronto Hotel,16
19864040h,Ambassador Hotel,30
19962146h,CloudNo7,183
20046383h,Hilton Bonn,183
20075891h,Hilton Kyiv,212
202599h,Stardust Resort and Casino,30
2048307h,Palms Casino Resort,30
20650664h,La Clef Louvre,142
20828319h,Villa Santana,30
20830632h,Bluebeard's Castle,30
2110681h,Prinzenpalais,183
2135814h,Hilton Amsterdam,55
21402642h,18 Gramercy Park,30
2141411h,Hilton Bandung,252
21504226h,Hilton Birmingham Metropole,145
21532003h,Radisson Blu Hotel in Bamako,912
21568919h,Tabacos de Filipinas building,29
21619228h,Sheraton Guiyang Hotel,148
220141h,Waldorf Astoria Berlin,183
22073967h,Hilton Bournemouth,145
22118627h,Global Gate,17
22583354h,Nový Pachtovský palác,213
2258969h,Eureka Inn,30
2297323h,Delano Las Vegas,30
22976715h,Hilton Dubai The Walk,878
22997753h,Bay Mills Resort & Casino,30
23265h,Hôtel des 3 Collèges,142
23305592h,"Kewadin Casino, Hotel and Convention Center",30
2363048h,Place Viger,16
23640921h,Bowen River Hotel,408
23646439h,"100 Queen's Gate Hotel London, Curio Collection by Hilton",145
23685988h,DoubleTree by Hilton Hotel Bristol North,145
23828028h,Edificio Gran Vía 4,29
23907594h,CAAC Tower,148
23907601h,The London NYC,30
2398831h,Teatro Eden,45
24054070h,Hilton Cambridge City Centre,145
240711h,Hotel Chelsea,30
2416198h,MGM Grand Detroit,30
24241038h,Cambridge Hotel,145
2461831h,Las Vegas Plaza,30
24693404h,Bangor House,30
24708167h,"Dominican monastery in Malá Strana, Prague",213
24971211h,El Reno Hotel,30
25007h,Bellagio Hotel & Casino,30
25204442h,Hilton Zurich Airport,39
2523683h,Château d'Artigny,142
25247913h,Commercial Hotel,30
2567200h,The Whittier,30
2579998h,Castle of Óbidos,45
26237391h,Conrad Tokyo,17
26242212h,Hilton Garden Inn Sunderland,145
26306764h,The Mytton and Mermaid Hotel,145
2631856h,520 West 41st Street,30
26398842h,The Old Hall Hotel,145
264203h,Vegas World,30
26463120h,13 Market End,145
2648096h,W San Francisco,30
26483035h,"14 and 15, Warwick Road",145
264858h,M Resort,30
26537718h,Dove Nest,145
26546731h,Mosborough Hall,145
26609450h,Crosby Lodge,145
26617946h,Kenwith Castle,145
26684094h,"12 and 13, Warwick Road",145
26685058h,15 Market End,145
26700322h,Hotel Omni Mont-Royal,16
26707727h,Hotel Santo Mauro,29
26723836h,De Gamlas Hem,33
26734729h,Conrad Istanbul Bosphorus,43
26878946h,Hilton Sukhumvit Bangkok,869
26902701h,Hilton Helsinki Kalastajatorppa,33
26960663h,Hampton by Hilton Bournemouth,145
27456363h,DoubleTree by Hilton Gurugram Baani Square,668
2748565h,Claridge's,145
27825013h,Hilton Frankfurt City Centre,183
27826630h,DoubleTree by Hilton Hotel Cairns,408
278380h,The Drew Las Vegas,30
27962079h,Ausonia Palace Hotel,38
27981667h,Hilton Garden Inn Dubai Mall of the Emirates,878
280339h,Tropicana Las Vegas,30
28053246h,Hilton Auckland,664
280910h,Vdara,30
28184307h,Royal Mail Hotel,408
28184310h,Noccundra Hotel,408
28192892h,Waldorf Astoria Beijing,148
28214174h,Hampton by Hilton Newcastle,145
2837946h,Allerton Hotel,30
28456180h,Makkah Millennium Hotel,851
28609672h,DoubleTree by Hilton Hotel Coventry,145
28662736h,"Gran Vía 22, Madrid",29
28675210h,Castle mill in Toruń,36
28675745h,15/17 Mostowa Street in Toruń,36
28680070h,Sanatório das Penhas da Saúde,45
28746397h,Hotel NH Paseo del Prado,29
28755991h,Hotel Catalonia Atocha,29
28756542h,Palacio Oriol,29
28756862h,Hotel Catalonia Gran Vía,29
28757120h,Gran Vía 18,29
28757959h,Hotel Senator Gran Vía,29
28757977h,Hotel Tryp Cibeles,29
28769024h,Hotel Gran Vía,29
28777988h,DoubleTree by Hilton Hotel Aberdeen Treetops,145
28844857h,El Palace Hotel Barcelona,29
2899830h,Hilton The Hague,55
29000794h,DoubleTree by Hilton Hotel Darwin,408
29007102h,Papelera Española building,29
2902501h,Palatin Hotel Tel Aviv,801
29053655h,Hilton Paris Charles de Gaulle Airport,142
29053691h,Hilton Coylumbridge,145
2905596h,The Blackstone Hotel,30
2908788h,Leonardo City Tower Hotel,801
2912992h,The Harmon,30
2928530h,Cadillac Hotel,30
2935180h,Camlin Hotel,30
29415039h,Hotel Alay,29
2961297h,Chartreuse du Reposoir,142
2971063h,Taagepera Castle,191
29909111h,Hotel Alfonso X El Sabio,29
2992084h,Hilton Paris Opera,142
29948012h,DoubleTree by Hilton Hotel Edinburgh Airport,145
29981099h,Conrad Bali,252
30014678h,DoubleTree by Hilton Hotel Istanbul - Old Town,43
30021076h,Hilton Cologne,183
30021879h,DoubleTree by Hilton London Heathrow Airport,145
30035305h,Hilton Saint Petersburg ExpoForum,159
30047899h,Hilton Garden Inn Stuttgart NeckarPark,183
30090585h,Conrad Makkah,851
30097763h,"The Westminster London, Curio Collection by Hilton",145
30097821h,Conrad Beijing,148
30139243h,Hilton Prague Old Town,213
30140581h,DoubleTree by Hilton Hotel Oradea,218
30147522h,Hilton Dubai Jumeirah,878
30174421h,Hilton Colombo Residences,854
30242708h,DoubleTree by Hilton Hotel Avanos - Cappadocia,43
30251296h,Hilton Garden Inn Matera,38
30301927h,Hampton by Hilton Bristol City Centre,145
30302746h,Hilton Brussels City,31
30306779h,Hilton Adelaide,408
30307361h,Hilton Hurghada Plaza,79
30308807h,Hilton Alexandria King's Ranch,79
30337433h,Hilton Garden Inn Volgograd,159
30346525h,Hilton Edinburgh Grosvenor,145
30347445h,DoubleTree by Hilton Hotel Milan,38
3037053h,Hilton Athens,41
30402016h,Hilton Belfast,145
30407987h,DoubleTree by Hilton Hotel Wroclaw,36
30409284h,Hilton Vienna Park,40
30438998h,Hilton Dusseldorf,183
30504052h,DoubleTree by Hilton Hotel London - Marble Arch,145
30504754h,Hilton Nottingham,145
30522857h,Hilton Brussels Grand Place,31
306000h,Abbasi Hotel,794
30644484h,Hotel Manger,30
30736107h,Hilton Imperial Dubrovnik,224
30927563h,Koriyama View Hotel Annex,17
31277862h,Hilton Tallinn Park,191
3142395h,Hyatt Regency Paris Etoile,142
3153055h,InterContinental San Francisco,30
31827676h,U zlatého anděla,213
31827738h,U Medvídků,213
3185653h,Joseph Smith Memorial Building,30
31861463h,"Krajinská 41, Zátkův dům",213
3192583h,Kanayama Minami Building,17
3278286h,Main Street Station Hotel and Casino and Brewery,30
3281025h,APA Hotel & Resort Tokyo Bay Makuhari,17
32947262h,Hilton Garden Inn New Delhi/Saket,668
33035435h,DoubleTree by Hilton Hotel Istanbul - Moda,43
33101471h,DoubleTree by Hilton Hotel Cluj - City Plaza,218
33189243h,Feuerschiff,183
33229354h,Hilton London Croydon,145
33382454h,DoubleTree by Hilton Hotel Melbourne - Flinders Street,408
3356472h,The Orleans,30
3359202h,Wyndham Grand İzmir Özdilek,43
3389734h,Place Bonaventure,16
3414568h,Quinta das Lágrimas,45
34204337h,Waldorf Astoria Dubai Palm Jumeirah,878
3471438h,San Francisco Marriott Marquis,30
3482309h,Shiodome Media Tower,17
3498798h,Hilton San Francisco Union Square,30
3533060h,Tour Duo,142
3545225h,"Sam's Town Hotel and Gambling Hall, Las Vegas",30
3699364h,Culver Hotel,30
37857517h,Hampton by Hilton Birmingham Jewellery Quarter,145
37858337h,Hampton by Hilton Glasgow Central,145
37858682h,DoubleTree by Hilton Hotel Leeds City Centre,145
38251391h,3 V Tourist Court,30
38251968h,Bonneville Hotel,30
40037779h,Dämman,34
4040675h,Hilton Prague,213
41069183h,Hilton Amsterdam Airport Schiphol,55
41300192h,Hilton Pyramids Golf,79
42341625h,DoubleTree by Hilton Hotel London - Hyde Park,145
4260261h,Price Tower,30
4261094h,Downtown Grand Hotel & Casino,30
4261374h,Suncoast Hotel and Casino,30
4261384h,Las Vegas Club,30
4261513h,Grand Central Hotel,30
4272608h,Fairmont San Francisco,30
4272804h,Breakers Hotel,30
42748124h,Shah Abbasi Caravanserai of Abuzeydabad,794
42867978h,Tehrani House (Yazd),794
42874514h,Golshan House (Yazd),794
43031921h,Corona Hotel in Baia Sprie,218
43371249h,Brooks Hotel,30
4385582h,Page-Walker Hotel,30
44406603h,Hampshire House,30
4448816h,Tsukuba Center Building,17
4479814h,West Baden Springs Hotel,30
45316350h,DoubleTree by Hilton Hotel Edinburgh City Centre,145
4596016h,1 Snow Hill Plaza,145
47004857h,Brandt Hotel,30
47166648h,Palau Benet-Desvilar,29
4725573h,Aliante Casino and Hotel,30
47401774h,Conrad Bora Bora Nui,142
47518776h,Millennium Hilton Bangkok,869
47902573h,Schloss Kölzow,183
4791273h,Arizona Charlie's Boulder,30
4792351h,Arlington Hotel,30
4793581h,Arminius Hotel,30
4806513h,Hilton Istanbul Bosphorus,43
4822225h,Hilton Izmir,43
4841991h,Baglioni Hotel,145
4842213h,Baha Mar,778
48843972h,Booth Hotel,30
49393251h,DoubleTree by Hilton Hotel Kuala Lumpur,833
4949600h,Boulder Station,30
49573628h,Hilton Cabo Verde Sal Resort,1011
49593283h,Breite Straße 19,183
49593839h,Friedrichplatz 8,183
49594143h,Kurstraße 6,183
49595033h,Schloßstraße 5,183
4979998h,Bryan Building,30
49807274h,Hilton London Bankside,145
4985118h,Texas Station,30
4993716h,Castle of Alvito,45
4999251h,Burlington Hotel,30
50308536h,DoubleTree by Hilton Hotel Dubai - Jumeirah Beach,878
50353048h,Hilton Istanbul Bomonti Hotel & Conference Center,43
50356312h,Hotel Palace of Valencia,29
5049621h,Castaways Hotel and Casino,30
5049734h,Castle of Alcácer do Sal,45
5049843h,Castle of Vila Nova de Cerveira,45
50611971h,Hampton by Hilton London Gatwick Airport,145
5061223h,Central House Hotel,30
5065298h,Cerulean Tower,17
50809149h,Hilton Astana,232
50841764h,Hilton York,145
510121h,Schlosshotel Kronberg,183
51025456h,Hilton Garden Inn Florence Novoli,38
5120095h,Cimarron Hotel,30
51222702h,H10 Berlin Ku'damm,183
5179785h,Coworth House,145
51824364h,Hilton London Kensington,145
5189543h,Crowne Plaza Times Square,30
51918515h,Hilton Cairns,408
51956193h,Fort Piqua Plaza,30
5230243h,Davenport Hotel,30
52886668h,"Rome Cavalieri, A Waldorf Astoria Hotel",38
5302326h,Dousman Hotel,30
5330926h,Eastside Cannery,30
5351073h,El Cortez,30
53632218h,DoubleTree by Hilton Hotel London ExCel,145
53806946h,Convento do Salvador,45
53881282h,Palacete do Chafariz d'El-Rei,45
53999203h,Hilton Niseko Village,17
5430586h,Hilton Cairo Heliopolis,79
54427554h,Dalmatia Tower,224
54474974h,Companhia de Moagens Harmonia,45
54475112h,Quinta da Pacheca,45
54475217h,NH Collection Porto Batalha,45
54475224h,Moov Hotel Porto Centro,45
546221h,Trump International Hotel and Tower,30
54652699h,DoubleTree Resort by Hilton Penang,833
5472026h,Fort Shelby Hotel,30
5472556h,Forte de São Sebastião,45
5475490h,"Four Seasons Hotel building, San Francisco",30
5475499h,Four Seasons Hotel Chicago,30
54873914h,Clarke Hotel,30
550379h,Conrad Dubai,878
55075422h,Hippee Building,30
55185046h,Sint-Antonius van Paduakerk,55
55209416h,Harper House,30
55346142h,Convent of the Capuchinos,29
55347999h,Hilton Barcelona,29
5545989h,George Washington House,30
55605106h,Beaumont Hotel,30
55865629h,Hampton by Hilton Liverpool City Centre,145
5594050h,Hotel Gran Meliá Don Pepe,29
5594662h,Grand Hyatt San Francisco,30
5594866h,"Grand Palace Hotel, New Orleans",30
5595660h,Brampton Grange,145
5602124h,Greektown Casino Hotel,30
56027180h,former station for biology Plön,183
56071855h,DoubleTree by Hilton Hotel & Spa Liverpool,145
56084920h,Clayton Crown Hotel,145
56085005h,Clayton Hotel Chiswick,145
56085020h,Clayton Hotel Leeds,145
56085053h,Clayton Hotel Birmingham,145
56085075h,Clayton Hotel Belfast,145
56150916h,Clayton Hotel Cardiff,145
56194854h,Hilton Garden Inn Orenburg,159
56214797h,Hilton Garden Inn Novorossiysk,159
5637110h,Hacienda,30
56446735h,Hilton Beijing Capital Airport,148
5646336h,Hampton by Hilton Liverpool/John Lennon Airport,145
56478942h,Hilton Kuwait Resort,817
56522910h,"Grand Hotel des Sablettes Plage, Curio Collection by Hilton",142
56598554h,Canopy by Hilton Reykjavik City Centre,189
56705491h,"former Hotel Castilla, Toledo",29
56711100h,Edifício A Tarde,155
56827407h,Hilton Garden Inn Puchong,833
5683588h,Malek al-Tojar House (Yazd),794
569978h,Caesars Palace,30
5705250h,Guged Caravanserai,794
5710559h,Paasitorni,33
57297679h,"Gran Vía 74, Madrid",29
57385878h,Hampton by Hilton London Luton Airport,145
57613527h,Palazzo Montemartini,38
5764519h,Hilton Chennai,668
5764570h,Hilton Glasgow,145
5764576h,Hilton Hanoi Opera,881
5764637h,Hilton Liverpool City Centre,145
5764648h,Hilton London Metropole,145
5764652h,DoubleTree by Hilton Hotel Luxembourg,32
5764716h,Safir Sharm Waterfalls Resort,79
5764722h,Hilton Singapore,334
57739907h,Conrad Xiamen,148
5785660h,Convento Dominico de Nuestra Señora de la Consolación,29
58069409h,Hampton by Hilton Samara,159
58086658h,Hilton Garden Inn Ufa Riverside,159
58229015h,DoubleTree by Hilton Hotel Girona,29
587108h,Yokohama Landmark Tower,17
5872085h,Flour factory San José,29
5878173h,Malekzadeh House (Yazd),794
5883194h,Qorban Alizadeh House,794
5884157h,Khoshnevis Mansion,794
5885917h,Kasra Vafadari House,794
5891776h,Moshir Garden,794
5892374h,Moshir Caravanserai,794
5894717h,Dr. Hojjat House,794
5901285h,Alafchian House,794
5903404h,Hotel Málaga Palacio,29
5903511h,"Hotel de las Letras, Madrid",29
5907540h,Aminabad Caravanserai,794
5908224h,Shah Abbasi Caravanserai of Bisotun,794
5911169h,Hotel Alder,30
5911415h,Hilton Podgorica Crna Gora,236
5912133h,"Hagia Sofia Mansions Istanbul, Curio Collection by Hilton",43
59131992h,DoubleTree by Hilton Hotel Minsk,184
59138963h,Hilton Garden Inn Moscow New Riga,159
5918301h,Banitaba House,794
5920727h,Manuchehri House (Kashan),794
59209270h,Hilton Istanbul Maslak,43
59492165h,Hilton Hua Hin Resort & Spa,869
59519828h,house at V jirchářích 13,213
5952911h,Hyatt Regency San Francisco,30
5963275h,Ehsan House (Kashan),794
59872505h,"George Hotel, Sydney",408
59872532h,Trickett's Hotel,408
60055194h,"Wales House, Sydney",408
60323642h,Hoff Building,30
60389409h,Ancienne église Saint-Nicolas,142
6044861h,"InterContinental Chicago Magnificent Mile, an IHG Hotel",30
60452089h,Hilton Cape Town City Centre,258
6058109h,Antiguo Hotel Miramar,29
60641676h,"Grand Tirolia Hotel Kitzbuhel, Curio Collection by Hilton",40
60642328h,Canopy by Hilton Zagreb - City Centre,224
60732352h,Hilton Garden Inn Dubai Al Jadaf Culture Village,878
60746742h,The Durant,30
60748351h,Harvey Hotel,30
60767158h,Oakland Hotel,30
60847568h,King's Casino Rozvadov,213
60912347h,Hampton by Hilton Freiburg,183
6108856h,JR Central Towers,17
61090457h,Transcorp Hilton Abuja,1033
6109260h,JW Marriott San Francisco Union Square,30
6109264h,JW Marriott Las Vegas,30
61100884h,DoubleTree by Hilton Hotel London - West End,145
61114082h,"La Bagnaia Golf & Spa Resort Siena, Curio Collection by Hilton",38
61165878h,"Hilton at St George's Park, Burton Upon Trent",145
61357012h,Semnani House,794
61465403h,DoubleTree by Hilton Hotel Tyumen,159
61567322h,Hilton Newcastle Gateshead,145
61573625h,Hilton Surfers Paradise Hotel & Residences,408
616726h,Hooters Casino Hotel,30
61717587h,Hilton London Gatwick Airport,145
6172690h,Jeddah Hilton Hotel,851
61741817h,The International,30
61868406h,DoubleTree by Hilton Hotel Woking,145
61885625h,Hilton Marsa Alam Nubian Resort,79
61888685h,Hilton Fiji Beach Resort and Spa,712
61897167h,Conrad Bangkok,869
62068054h,Conrad Cairo,79
62479268h,Hampton by Hilton Munich City West,183
63164854h,Hilton Garden Inn Luton North,145
63190257h,Hilton Brisbane,408
63296024h,Hilton Garden Inn Kuala Lumpur Jalan Tuanku Abdul Rahman South,833
634258h,Veer Towers,30
63435869h,Fort Worth Club Building,30
63608863h,DoubleTree by Hilton Hotel London - Victoria,145
637389h,Luxor Resort & Casino,30
63790123h,Hilton Garden Inn Kampala,1036
63832005h,Hampton by Hilton Warsaw Mokotow,36
63859908h,Hilton Garden Inn Tirana,222
63869688h,DoubleTree by Hilton Kocaeli,43
63883252h,Hilton Moorea Lagoon Resort & Spa,142
63885416h,Hilton Garden Inn Birmingham Brindleyplace,145
63975276h,Hampton by Hilton Belfast City Centre,145
6411467h,King Edward Hotel,30
64152343h,DoubleTree by Hilton Cambridge Belfry,145
64363310h,DoubleTree by Hilton Hotel Bristol City Centre,145
6439146h,Krrish Square,854
6448583h,Vakil Caravanserai,794
646339h,Hotel Torni,33
64701276h,Hilton Seychelles Labriz Resort & Spa,1042
64769038h,Washingtonova 23,213
64785112h,"Hotel Villa Magna, Madrid",29
64822290h,Hilton Reykjavik Nordica,189
64827562h,Hilton Garden Inn Singapore Serangoon,334
64845950h,Hampton by Hilton Amsterdam / Arena Boulevard,55
64845961h,Conrad Algarve,45
64859000h,Hilton Colombo,854
64868965h,Hilton Garden Inn Bristol City Centre,145
64933804h,Hilton Garden Inn Ras Al Khaimah,878
6493973h,Lassen Hotel,30
64992591h,Hampton by Hilton Exeter Airport,145
65037569h,Parnitha Sanatorium,41
65042009h,Broadway Hotel,30
65042333h,The Salvation Army Building,30
65043882h,Rickman House,30
65218555h,"Danubius Hotel Hungaria City Center, Budapest",28
6538417h,Zargar Yazdi House,794
654279h,Aria Resort and Casino,30
654906h,Binion's Horseshoe,30
656743h,Kingdom Centre,851
65769542h,DoubleTree by Hilton Carcassonne,142
65770076h,Hilton Garden Inn Glasgow City Centre,145
66423173h,Waldorf Astoria Ras Al Khaimah,878
66424250h,Hilton Garden Inn Istanbul Golden Horn Turkey,43
66437370h,DoubleTree by Hilton Dubai - Business Bay,878
66439260h,DoubleTree by Hilton Hotel Gurgaon - New Delhi NCR,668
66586875h,Hilton Makkah Convention Hotel,851
66658603h,Hilton Pattaya,869
66660297h,Hilton Garden Inn Dubai Al Mina,878
66771676h,Hilton Shillim Estate Retreat & Spa,668
66813051h,"Palácio Hotel de Bussaco, Palacete Hotel do Buçaco",45
66813690h,Castle of Estremoz,45
66814366h,"Hotel Ritz, incluindo o património integrado",45
66924306h,Jurys Inn Leeds,145
66969081h,Hampton by Hilton Leeds City Centre,145
66969175h,Ibis Leeds Centre,145
66969326h,Hilton Leeds City,145
67013894h,DoubleTree by Hilton Hotel Olbia - Sardinia,38
67206508h,Hilton Garden Inn Rome Airport,38
6747847h,Mandarin Orchard Singapore,334
6747856h,Loews Regency San Francisco,30
6751307h,Manor Apartment Hotel,408
67765140h,Conrad Koh Samui,869
67863357h,Hilton Glasgow Grosvenor,145
67868674h,DoubleTree by Hilton Royal Parc Soestduinen,55
67874379h,Hampton by Hilton Dundee City Centre,145
67920401h,Hilton Malta,233
68121379h,Parkhotel Praha,213
68167138h,Hotel Pyramida,213
6824905h,Metropolis,664
6869131h,Minor Sod House,30
6914041h,Morrison Hotel,30
691491h,Paris Las Vegas,30
69383898h,Hilton Sydney,408
69531148h,Hampton by Hilton Amsterdam Airport Schiphol,55
69647678h,Hilton Aberdeen TECA,145
696927h,Oheka Castle,30
70206906h,Hilton Garden Inn Kuala Lumpur Jalan Tuanku Abdul Rahman North,833
7040843h,Nisiyama Onsen Keiunkan,17
7126178h,Palace Hotel Residential Tower,30
713960h,MGM Grand Las Vegas,30
71409297h,Hilton London Watford,145
71817207h,Hampton by Hilton Warsaw Airport,36
71828738h,"Hilton Puckrup Hall, Tewkesbury",145
7203612h,Plaza Hotel & Casino,30
72067004h,DoubleTree by Hilton Moscow - Vnukovo Airport,159
7216435h,Hilton Tel Aviv,801
72172868h,DoubleTree by Hilton Madrid - Prado,29
72177013h,Palacete B. Carrera,155
72278577h,Hilton Jaipur,668
7247936h,Professional Building,30
72812966h,Hilton Addis Ababa,115
7281354h,Hilton Dubai Creek,878
72988389h,DoubleTree by Hilton Hotel Zanzibar - Stone Town,924
7304924h,"Red Rock Casino, Resort & Spa",30
731089h,Willard InterContinental Washington,30
73274620h,Pellihof,183
7336896h,Ritz-Carlton Chicago,30
73499085h,Hampton by Hilton Berlin City Centre Alexanderplatz,183
73621829h,Hilton Luxor Resort & Spa,79
73640935h,Santa Casa da Misericórdia de Óbidos,45
7374338h,Royal Insurance Building,145
737602h,Aspire Tower,846
73879785h,Hilton Mandalay,836
73898961h,Hilton Garden Inn Zagreb - Radnicka,224
739914h,Rio All-Suite Hotel and Casino,30
7419570h,Santa Fe Station,30
743147h,Hotel Negresco,142
74527699h,Hilton Capital Grand Abu Dhabi,878
74665770h,DoubleTree by Hilton Hotel Jakarta - Diponegoro,252
74812978h,DoubleTree by Hilton Hotel Aqaba,810
75018491h,Hilton Garden Inn Krakow,36
7503956h,Shrigley Hall,145
7520490h,Simonsbath House,145
752939h,RMS Queen Mary,30
7553765h,Sofitel Chicago Water Tower,30
7553767h,DoubleTree by Hilton Hotel Shanghai - Pudong,148
7553769h,Pullman Bangkok Hotel G,869
75721557h,DoubleTree by Hilton Edinburgh - Queensferry Crossing,145
7575371h,Speech House,145
7591596h,St. Regis Museum Tower,30
75971164h,Hilton Garden Inn Riyadh Olaya,851
76021053h,ANA Crowne Plaza Akita,17
76355045h,Arena Center,222
7641354h,Sunset Station,30
7643550h,Superior Oil Company Building,30
76620470h,Hampton by Hilton Dubai Al Barsha,878
76721707h,Hilton Kuching,833
76724214h,DoubleTree by Hilton Krakow Hotel & Convention Center,36
76726211h,DoubleTree by Hilton Hotel Moscow - Marina,159
76795105h,Hilton Sharks Bay Resort,79
7720948h,The Cairo,30
7730896h,The Drayton Court,145
7736171h,The George Hotel,145
77416106h,DoubleTree by Hilton Glasgow Westerwood Spa & Golf Resort,145
77418726h,Hilton Garden Inn Lusaka Society Business Park,953
7745429h,The Landmark Hotel and Casino,30
7754900h,"The Old Rectory, St Columb Major",145
7756547h,The Peninsula Chicago,30
7774298h,The Western,30
779373h,The Linq,30
78036841h,Hilton Guam Resort & Spa,30
78054939h,"AlRayyan Hotel Doha, Curio Collection by Hilton",846
7832418h,"The Trafalgar St. James London, Curio Collection by Hilton",145
78897920h,"West Hotel Sydney, Curio Collection by Hilton",408
79309518h,MLC Building,664
7969454h,Merdeka 118,833
7988922h,Westin Las Vegas,30
7988923h,Westin San Francisco Market Street,30
7988926h,Westin St. Francis,30
79942014h,Hotel Amigo,31
804686h,Balboa Inn,30
804702h,Balch Hotel,30
805467h,Bally's Las Vegas Hotel & Casino,30
81100400h,Casa Pere Villoch,29
81100403h,Edifici Companyia Transatlàntica,29
81495406h,DoubleTree by Hilton Bangkok Ploenchit,869
84029894h,Hampton by Hilton Nuremberg City Centre,183
845846h,"The STRAT Hotel, Casino & SkyPod",30
851102h,Hotel Kvarner,224
85749503h,Bump Block-Bellevue House-Hawthorne Hotel,30
85758819h,El Monte Hotel,30
85802924h,St. Nicholas Hotel,30
85845504h,Berwyn Apartments,30
86595792h,Valkealinna,33
86754328h,Inez Hotel,30
869378h,California Hotel and Casino,30
89425684h,Rawema-Haus,183
896259h,Monrepos,183
900983h,The Mirage,30
90404749h,Hilton Durban,258
9054487h,Palácio do Freixo,45
90545243h,Hilton Garden Inn Sevilla,29
90682834h,Hilton Sandton,258
91607548h,Hilton Suites Makkah,851
916673h,The Signature at MGM Grand,30
92176916h,Hilton London Heathrow Airport Terminal 5,145
9294078h,Hilton Gdańsk,36
9294080h,Hotel Jalta,213
9294281h,Ameri House,794
93121772h,Hôtel Napoléon,142
9358597h,El Rancho Hotel and Casino,30
952861h,World Trade Centre Montreal,16
96377064h,Hilton Bursa Convention Center and Spa,43
96743206h,Great Falls Tavern,30
96757505h,Pazo of the Maceda Counts,29
96787014h,Hilton Garden Inn Kuwait,817
979477h,Athenee Palace Hilton Bucharest,218
98407274h,Albertinkatu 34 - Lönnrotinkatu 26,33
98407275h,Albertinkatu 34,33
98407311h,Annankatu 1,33
98412731h,Hotelli Helsinki,33
98412733h,Hotelli Marskin talo,33
98413370h,Kanavakatu 8,33
98432053h,Pohjoinen Rautatiekatu 23,33
98433308h,Valion juustovaraston rakennus,33
98433345h,Valtion biokemiallisen tutkimuslaitoksen laboratoriorakennus,33
98433742h,Katajanokan vankilan rakennus,33
98433825h,Suomi-yhtiön talo,33
98550889h,Villa Gaia,38
98582250h,Hotel Villa,33
9871323h,Convento das Eremitas de Santo Agostinho,45
98784123h,"Stadshotellet, Karlstad",34
99454646h,Conrad Bengaluru,668
995338h,Bryson Apartment Hotel,30
99583717h,Hôtel van Ertborn,31
99703247h,Grand Hôtel,142
