s,name
http://example.com/hotel/id/100877359h,Müritz Hotel
http://example.com/hotel/id/1011881h,Burg Großfurra
http://example.com/hotel/id/1015042h,Burghaus Burgsahr
http://example.com/hotel/id/10332618h,Mosteiro de Flor da Rosa
http://example.com/hotel/id/103331335h,"32 Bond Street, Ross"
http://example.com/hotel/id/10343928h,Palácio Belmonte
http://example.com/hotel/id/10344021h,Palácio de Estói
http://example.com/hotel/id/10352192h,Convento das Chagas (Vila Viçosa)
http://example.com/hotel/id/10352195h,Convento dos Lóios
http://example.com/hotel/id/10352198h,Pousada de Condeixa-a-Nova
http://example.com/hotel/id/10352202h,Capela e Hospital da Santa Casa da Misericórdia de Ourém
http://example.com/hotel/id/10352206h,Pousada de Viseu
http://example.com/hotel/id/10352207h,Antigo Convento do Desagravo do Santíssimo Sacramento
http://example.com/hotel/id/10352211h,Convento de Nossa Senhora da Boa Esperança
http://example.com/hotel/id/10352218h,Solar da Rede
http://example.com/hotel/id/10352219h,Convento dos Lóios
http://example.com/hotel/id/104083353h,Commercial Hotel
http://example.com/hotel/id/104234251h,British Hotel
http://example.com/hotel/id/104830558h,Welsbach Building
http://example.com/hotel/id/1049027h,Jumeirah Emirates Towers Hotel
http://example.com/hotel/id/1049209h,The Venetian
http://example.com/hotel/id/1051604h,Four Queens
http://example.com/hotel/id/10524043h,Hilton Nairobi
http://example.com/hotel/id/10524047h,Hilton Stockholm Slussen
http://example.com/hotel/id/10526554h,Hotel Knaust
http://example.com/hotel/id/10526572h,Hotel Billingen
http://example.com/hotel/id/105554563h,Heliopolis Towers Hotel
http://example.com/hotel/id/105621651h,Oubangui Hotel
http://example.com/hotel/id/106090892h,"Overtoom 33, Amsterdam"
http://example.com/hotel/id/106192327h,Can Ferrandell
http://example.com/hotel/id/1063195h,Torre de Madrid
http://example.com/hotel/id/106393048h,Hampton by Hilton Bursa
http://example.com/hotel/id/1064873h,Excalibur Hotel and Casino
http://example.com/hotel/id/106996884h,Na můstku 10
http://example.com/hotel/id/107121457h,Brinker Collegiate Institute
http://example.com/hotel/id/107168152h,Manor House Hotel
http://example.com/hotel/id/107607598h,Hotel Dudley
http://example.com/hotel/id/108294146h,"Flour Mill at 129 Port avenue, Valencia"
http://example.com/hotel/id/108309815h,Can Cera
http://example.com/hotel/id/108516880h,Villa Balbi
http://example.com/hotel/id/108729880h,Kasteel Solhof
http://example.com/hotel/id/108865646h,Lamar Hotel
http://example.com/hotel/id/108865673h,Union Hotel
http://example.com/hotel/id/1092961h,Circus Circus Las Vegas
http://example.com/hotel/id/109451447h,Panquinkazerne
http://example.com/hotel/id/1096141h,Act Tower
http://example.com/hotel/id/110010967h,"SAii Lagoon Maldives, Curio Collection by Hilton"
http://example.com/hotel/id/110041692h,Central téléphonique Ségur
http://example.com/hotel/id/110147122h,Hilton Garden Inn London Heathrow Terminals 2 and 3
http://example.com/hotel/id/110251555h,Ostrovní 15
http://example.com/hotel/id/110407965h,Tours Odyssey
http://example.com/hotel/id/110660109h,Silk Road Hotel (Yazd)
http://example.com/hotel/id/110660372h,Dalan-e Behesht Hotel
http://example.com/hotel/id/110664670h,Khesht Abad Hotel
http://example.com/hotel/id/1106716h,"Kempinski Hotel Corvinus, Budapest"
http://example.com/hotel/id/110681137h,Zoerselhof
http://example.com/hotel/id/110735133h,Can Balaguer
http://example.com/hotel/id/1107391h,Sands Hotel and Casino
http://example.com/hotel/id/110831132h,Casa Gabino Bobo
http://example.com/hotel/id/111041461h,DoubleTree by Hilton Hannover Schweizerhof
http://example.com/hotel/id/111243216h,Hilton Singapore Orchard
http://example.com/hotel/id/111445383h,Chestnut Residence and Conference Centre
http://example.com/hotel/id/1116194h,The Leland Hotel
http://example.com/hotel/id/112111547h,Lepopirtti
http://example.com/hotel/id/112147576h,Torenhuis
http://example.com/hotel/id/112168936h,De Gouden Leeuw
http://example.com/hotel/id/1127749h,Hotel Kämp
http://example.com/hotel/id/113051152h,Putnam House
http://example.com/hotel/id/113163876h,St. James Hotel
http://example.com/hotel/id/113164074h,Windsor Hotel
http://example.com/hotel/id/113164146h,Palmetto House
http://example.com/hotel/id/113164237h,Clarendon Hotel
http://example.com/hotel/id/113171856h,Union House
http://example.com/hotel/id/11330330h,Hilton Nagoya
http://example.com/hotel/id/11330332h,Hilton Odawara Resort & Spa
http://example.com/hotel/id/11330335h,Hilton Tokyo Bay
http://example.com/hotel/id/113564549h,Hôtel La Pérouse
http://example.com/hotel/id/1136654h,The D Las Vegas
http://example.com/hotel/id/1136841h,Fremont Hotel and Casino
http://example.com/hotel/id/11415297h,JR Gate Tower
http://example.com/hotel/id/114289194h,Grand Hôtel G. Scheers
http://example.com/hotel/id/1143174h,Ritz-Carlton Toronto
http://example.com/hotel/id/1147483h,Sahara Las Vegas
http://example.com/hotel/id/115282741h,Nedermolen
http://example.com/hotel/id/116215655h,Hotel Antonio Perez
http://example.com/hotel/id/11700542h,Prince George Hotel
http://example.com/hotel/id/1189944h,Hotel Porta Fira
http://example.com/hotel/id/1200583h,Desert Inn
http://example.com/hotel/id/12020416h,Hotel Paříž
http://example.com/hotel/id/12072758h,Westin Book Cadillac Hotel
http://example.com/hotel/id/1237113h,Convento de Santa Maria do Bouro
http://example.com/hotel/id/12495h,Burj Khalifa
http://example.com/hotel/id/1281171h,Trump Hotel Las Vegas
http://example.com/hotel/id/1304383h,Waldorf Astoria Las Vegas
http://example.com/hotel/id/13049756h,Canfranc-Estación
http://example.com/hotel/id/1309059h,Wynn Las Vegas
http://example.com/hotel/id/13103085h,Hôtel de Paris
http://example.com/hotel/id/1324543h,El Rancho Hotel & Motel
http://example.com/hotel/id/1340132h,Encore
http://example.com/hotel/id/1340365h,Westgate Las Vegas Resort & Casino
http://example.com/hotel/id/1342565h,Planet Hollywood Resort & Casino
http://example.com/hotel/id/1347033h,Dunes
http://example.com/hotel/id/13529145h,"The Biltmore Mayfair, LXR Hotels & Resorts"
http://example.com/hotel/id/13529180h,Hilton London Hyde Park
http://example.com/hotel/id/1360313h,Treasure Island Hotel and Casino
http://example.com/hotel/id/1368043h,Mandalay Bay
http://example.com/hotel/id/1368798h,SEG Plaza
http://example.com/hotel/id/1401439h,Schüttkasten Geras
http://example.com/hotel/id/1412478h,"The Waldorf Hilton, London"
http://example.com/hotel/id/1426968h,Flamingo Las Vegas
http://example.com/hotel/id/1429071h,New York-New York Hotel and Casino
http://example.com/hotel/id/1430318h,Rossiya Hotel
http://example.com/hotel/id/1436845h,Cosmopolitan of Las Vegas
http://example.com/hotel/id/145361h,Gezirah Palace
http://example.com/hotel/id/1457875h,Villa Crespi
http://example.com/hotel/id/14683065h,"333 Battery Street, San Francisco,"
http://example.com/hotel/id/14689609h,Jackson Hotel
http://example.com/hotel/id/14693298h,Magnolia Hotel
http://example.com/hotel/id/14705265h,Resorts World Las Vegas
http://example.com/hotel/id/14753688h,"Casa Alberola Alicante, Curio Collection by Hilton"
http://example.com/hotel/id/1481002h,The Ritz London
http://example.com/hotel/id/14954702h,107 Piccadilly
http://example.com/hotel/id/1504641h,Kaufhaus Jonaß
http://example.com/hotel/id/15068974h,Zein-o-Din Caravanserai
http://example.com/hotel/id/1514587h,The Palazzo
http://example.com/hotel/id/15228738h,InterContinental Budapest
http://example.com/hotel/id/1535018h,Golden Nugget Las Vegas Hotel & Casino
http://example.com/hotel/id/1535845h,Riviera Hotel and Casino
http://example.com/hotel/id/1541365h,Renaissance Center
http://example.com/hotel/id/15640601h,Palacio del Marqués de Velada
http://example.com/hotel/id/1580067h,Harrah's Las Vegas
http://example.com/hotel/id/1585008h,Hard Rock Hotel and Casino
http://example.com/hotel/id/15909474h,Hengshan Picardie Hotel
http://example.com/hotel/id/15923583h,Conrad Hong Kong
http://example.com/hotel/id/15978898h,Berry Head House
http://example.com/hotel/id/16256099h,The Caledonian
http://example.com/hotel/id/1630814h,Hotel Weiss Kreuz
http://example.com/hotel/id/1630833h,"Hotel Berlin, Berlin"
http://example.com/hotel/id/1630837h,Hotel Bodenhaus
http://example.com/hotel/id/1630911h,Hilton Warsaw City
http://example.com/hotel/id/16318627h,Abeno Harukas
http://example.com/hotel/id/1637090h,"South Point Hotel, Casino & Spa"
http://example.com/hotel/id/16528268h,Aquarium et Musée de la Mer de Dinard
http://example.com/hotel/id/16621592h,Villa Torretta
http://example.com/hotel/id/167870h,Boardwalk Hotel and Casino
http://example.com/hotel/id/1682221h,Dagebüll lighthouse
http://example.com/hotel/id/16833188h,Lloyd-Bahnhof
http://example.com/hotel/id/16843761h,Hilton Diagonal Mar Barcelona
http://example.com/hotel/id/168575h,CTF Finance Centre
http://example.com/hotel/id/16890775h,Crown Sydney
http://example.com/hotel/id/16949846h,B&O Railroad Headquarters Building
http://example.com/hotel/id/16995460h,Wyndham Springfield City Centre
http://example.com/hotel/id/17043498h,Viciebsk
http://example.com/hotel/id/17183802h,"Castle Hotel, Ruthin"
http://example.com/hotel/id/17226268h,Hilton Tokyo
http://example.com/hotel/id/17229982h,Hilton Fukuoka Sea Hawk
http://example.com/hotel/id/17390148h,Citadel of Cascais
http://example.com/hotel/id/1743514h,Kirkland Hotel
http://example.com/hotel/id/17444603h,Hilton Frankfurt Airport
http://example.com/hotel/id/17444624h,Hilton Garden Inn Frankfurt Airport
http://example.com/hotel/id/17444904h,DoubleTree by Hilton Hotel London - Docklands Riverside
http://example.com/hotel/id/17512898h,Arlington Hotel
http://example.com/hotel/id/17532427h,Stanley House
http://example.com/hotel/id/17533843h,Polebarn House
http://example.com/hotel/id/17534979h,5 and 7 High Street and Falcon Hotel Annexe
http://example.com/hotel/id/17544934h,Barton Seagrave Hall
http://example.com/hotel/id/17549646h,"2, 3 and 4, Regency Square"
http://example.com/hotel/id/17554574h,Fritton Old Hall
http://example.com/hotel/id/17557267h,11 Market End
http://example.com/hotel/id/17619057h,Agronomitalo
http://example.com/hotel/id/17793480h,Hilton Edinburgh Carlton
http://example.com/hotel/id/17834531h,1 Tower Knowe
http://example.com/hotel/id/17834546h,"Hawick, 1 Tower Dykeside"
http://example.com/hotel/id/17834566h,"Hawick, 3, 4 Tower Dykeside"
http://example.com/hotel/id/17835167h,2 Tower Dykeside
http://example.com/hotel/id/1795050h,Palace Station
http://example.com/hotel/id/18008489h,Torre del Remei
http://example.com/hotel/id/18112026h,DoubleTree by Hilton Hotel London - Chelsea
http://example.com/hotel/id/18286846h,Waldorf Astoria Amsterdam
http://example.com/hotel/id/18340195h,Hybernská 12
http://example.com/hotel/id/18509174h,Fayrouz Ressort
http://example.com/hotel/id/18509281h,Hilton Hurghada Resort
http://example.com/hotel/id/18534517h,Hilton London Syon Park
http://example.com/hotel/id/18536h,The Shard
http://example.com/hotel/id/18547h,Shanghai Tower
http://example.com/hotel/id/18712428h,Makkah Clock Royal Tower Hotel
http://example.com/hotel/id/1874734h,Hotel International Prague
http://example.com/hotel/id/18760038h,Munkkiniemi education center
http://example.com/hotel/id/1879918h,Löwenburger Hof
http://example.com/hotel/id/18813051h,Hilton Rotterdam
http://example.com/hotel/id/189476h,Abraj Al Bait
http://example.com/hotel/id/19307691h,Hilton Garden Inn London Heathrow Airport
http://example.com/hotel/id/19348190h,"25, place Dauphine"
http://example.com/hotel/id/19362430h,Gasthof Krone
http://example.com/hotel/id/1943482h,Hilton Molino Stucky Venice
http://example.com/hotel/id/19513101h,Hilton Manchester Deansgate
http://example.com/hotel/id/19564041h,Hedemora stadshotell
http://example.com/hotel/id/19817552h,Delta Toronto Hotel
http://example.com/hotel/id/19864040h,Ambassador Hotel
http://example.com/hotel/id/19962146h,CloudNo7
http://example.com/hotel/id/20046383h,Hilton Bonn
http://example.com/hotel/id/20075891h,Hilton Kyiv
http://example.com/hotel/id/202599h,Stardust Resort and Casino
http://example.com/hotel/id/2048307h,Palms Casino Resort
http://example.com/hotel/id/20650664h,La Clef Louvre
http://example.com/hotel/id/20828319h,Villa Santana
http://example.com/hotel/id/20830632h,Bluebeard's Castle
http://example.com/hotel/id/2110681h,Prinzenpalais
http://example.com/hotel/id/2135814h,Hilton Amsterdam
http://example.com/hotel/id/21402642h,18 Gramercy Park
http://example.com/hotel/id/2141411h,Hilton Bandung
http://example.com/hotel/id/21504226h,Hilton Birmingham Metropole
http://example.com/hotel/id/21532003h,Radisson Blu Hotel in Bamako
http://example.com/hotel/id/21568919h,Tabacos de Filipinas building
http://example.com/hotel/id/21619228h,Sheraton Guiyang Hotel
http://example.com/hotel/id/220141h,Waldorf Astoria Berlin
http://example.com/hotel/id/22073967h,Hilton Bournemouth
http://example.com/hotel/id/22118627h,Global Gate
http://example.com/hotel/id/22583354h,Nový Pachtovský palác
http://example.com/hotel/id/2258969h,Eureka Inn
http://example.com/hotel/id/2297323h,Delano Las Vegas
http://example.com/hotel/id/22976715h,Hilton Dubai The Walk
http://example.com/hotel/id/22997753h,Bay Mills Resort & Casino
http://example.com/hotel/id/23265h,Hôtel des 3 Collèges
http://example.com/hotel/id/23305592h,"Kewadin Casino, Hotel and Convention Center"
http://example.com/hotel/id/2363048h,Place Viger
http://example.com/hotel/id/23640921h,Bowen River Hotel
http://example.com/hotel/id/23646439h,"100 Queen's Gate Hotel London, Curio Collection by Hilton"
http://example.com/hotel/id/23685988h,DoubleTree by Hilton Hotel Bristol North
http://example.com/hotel/id/23828028h,Edificio Gran Vía 4
http://example.com/hotel/id/23907594h,CAAC Tower
http://example.com/hotel/id/23907601h,The London NYC
http://example.com/hotel/id/2398831h,Teatro Eden
http://example.com/hotel/id/24054070h,Hilton Cambridge City Centre
http://example.com/hotel/id/240711h,Hotel Chelsea
http://example.com/hotel/id/2416198h,MGM Grand Detroit
http://example.com/hotel/id/24241038h,Cambridge Hotel
http://example.com/hotel/id/2461831h,Las Vegas Plaza
http://example.com/hotel/id/24693404h,Bangor House
http://example.com/hotel/id/24708167h,"Dominican monastery in Malá Strana, Prague"
http://example.com/hotel/id/24971211h,El Reno Hotel
http://example.com/hotel/id/25007h,Bellagio Hotel & Casino
http://example.com/hotel/id/25204442h,Hilton Zurich Airport
http://example.com/hotel/id/2523683h,Château d'Artigny
http://example.com/hotel/id/25247913h,Commercial Hotel
http://example.com/hotel/id/2567200h,The Whittier
http://example.com/hotel/id/2579998h,Castle of Óbidos
http://example.com/hotel/id/26237391h,Conrad Tokyo
http://example.com/hotel/id/26242212h,Hilton Garden Inn Sunderland
http://example.com/hotel/id/26306764h,The Mytton and Mermaid Hotel
http://example.com/hotel/id/2631856h,520 West 41st Street
http://example.com/hotel/id/26398842h,The Old Hall Hotel
http://example.com/hotel/id/264203h,Vegas World
http://example.com/hotel/id/26463120h,13 Market End
http://example.com/hotel/id/2648096h,W San Francisco
http://example.com/hotel/id/26483035h,"14 and 15, Warwick Road"
http://example.com/hotel/id/264858h,M Resort
http://example.com/hotel/id/26537718h,Dove Nest
http://example.com/hotel/id/26546731h,Mosborough Hall
http://example.com/hotel/id/26609450h,Crosby Lodge
http://example.com/hotel/id/26617946h,Kenwith Castle
http://example.com/hotel/id/26684094h,"12 and 13, Warwick Road"
http://example.com/hotel/id/26685058h,15 Market End
http://example.com/hotel/id/26700322h,Hotel Omni Mont-Royal
http://example.com/hotel/id/26707727h,Hotel Santo Mauro
http://example.com/hotel/id/26723836h,De Gamlas Hem
http://example.com/hotel/id/26734729h,Conrad Istanbul Bosphorus
http://example.com/hotel/id/26878946h,Hilton Sukhumvit Bangkok
http://example.com/hotel/id/26902701h,Hilton Helsinki Kalastajatorppa
http://example.com/hotel/id/26960663h,Hampton by Hilton Bournemouth
http://example.com/hotel/id/27033712h,"The Morrison Dublin, Curio Collection by Hilton"
http://example.com/hotel/id/27456363h,DoubleTree by Hilton Gurugram Baani Square
http://example.com/hotel/id/2748565h,Claridge's
http://example.com/hotel/id/27825013h,Hilton Frankfurt City Centre
http://example.com/hotel/id/27826630h,DoubleTree by Hilton Hotel Cairns
http://example.com/hotel/id/278380h,The Drew Las Vegas
http://example.com/hotel/id/27962079h,Ausonia Palace Hotel
http://example.com/hotel/id/27981667h,Hilton Garden Inn Dubai Mall of the Emirates
http://example.com/hotel/id/280339h,Tropicana Las Vegas
http://example.com/hotel/id/28053246h,Hilton Auckland
http://example.com/hotel/id/280910h,Vdara
http://example.com/hotel/id/28184307h,Royal Mail Hotel
http://example.com/hotel/id/28184310h,Noccundra Hotel
http://example.com/hotel/id/28192892h,Waldorf Astoria Beijing
http://example.com/hotel/id/28214174h,Hampton by Hilton Newcastle
http://example.com/hotel/id/2837946h,Allerton Hotel
http://example.com/hotel/id/28456180h,Makkah Millennium Hotel
http://example.com/hotel/id/28609672h,DoubleTree by Hilton Hotel Coventry
http://example.com/hotel/id/28662736h,"Gran Vía 22, Madrid"
http://example.com/hotel/id/28675210h,Castle mill in Toruń
http://example.com/hotel/id/28675745h,15/17 Mostowa Street in Toruń
http://example.com/hotel/id/28680070h,Sanatório das Penhas da Saúde
http://example.com/hotel/id/28746397h,Hotel NH Paseo del Prado
http://example.com/hotel/id/28755991h,Hotel Catalonia Atocha
http://example.com/hotel/id/28756542h,Palacio Oriol
http://example.com/hotel/id/28756862h,Hotel Catalonia Gran Vía
http://example.com/hotel/id/28757120h,Gran Vía 18
http://example.com/hotel/id/28757959h,Hotel Senator Gran Vía
http://example.com/hotel/id/28757977h,Hotel Tryp Cibeles
http://example.com/hotel/id/28769024h,Hotel Gran Vía
http://example.com/hotel/id/28777988h,DoubleTree by Hilton Hotel Aberdeen Treetops
http://example.com/hotel/id/28789756h,Hilton Garden Inn Tanger City Center
http://example.com/hotel/id/28844857h,El Palace Hotel Barcelona
http://example.com/hotel/id/2899830h,Hilton The Hague
http://example.com/hotel/id/29000794h,DoubleTree by Hilton Hotel Darwin
http://example.com/hotel/id/29007102h,Papelera Española building
http://example.com/hotel/id/2902501h,Palatin Hotel Tel Aviv
http://example.com/hotel/id/29053655h,Hilton Paris Charles de Gaulle Airport
http://example.com/hotel/id/29053691h,Hilton Coylumbridge
http://example.com/hotel/id/2905596h,The Blackstone Hotel
http://example.com/hotel/id/2908788h,Leonardo City Tower Hotel
http://example.com/hotel/id/2912992h,The Harmon
http://example.com/hotel/id/2928530h,Cadillac Hotel
http://example.com/hotel/id/2935180h,Camlin Hotel
http://example.com/hotel/id/29415039h,Hotel Alay
http://example.com/hotel/id/2961297h,Chartreuse du Reposoir
http://example.com/hotel/id/2971063h,Taagepera Castle
http://example.com/hotel/id/29909111h,Hotel Alfonso X El Sabio
http://example.com/hotel/id/2992084h,Hilton Paris Opera
http://example.com/hotel/id/29948012h,DoubleTree by Hilton Hotel Edinburgh Airport
http://example.com/hotel/id/29981099h,Conrad Bali
http://example.com/hotel/id/30014678h,DoubleTree by Hilton Hotel Istanbul - Old Town
http://example.com/hotel/id/30021076h,Hilton Cologne
http://example.com/hotel/id/30021879h,DoubleTree by Hilton London Heathrow Airport
http://example.com/hotel/id/30035305h,Hilton Saint Petersburg ExpoForum
http://example.com/hotel/id/30047899h,Hilton Garden Inn Stuttgart NeckarPark
http://example.com/hotel/id/30090585h,Conrad Makkah
http://example.com/hotel/id/30097763h,"The Westminster London, Curio Collection by Hilton"
http://example.com/hotel/id/30097821h,Conrad Beijing
http://example.com/hotel/id/30139243h,Hilton Prague Old Town
http://example.com/hotel/id/30140581h,DoubleTree by Hilton Hotel Oradea
http://example.com/hotel/id/30147522h,Hilton Dubai Jumeirah
http://example.com/hotel/id/30174421h,Hilton Colombo Residences
http://example.com/hotel/id/30242708h,DoubleTree by Hilton Hotel Avanos - Cappadocia
http://example.com/hotel/id/30251296h,Hilton Garden Inn Matera
http://example.com/hotel/id/30277430h,Hilton Batumi
http://example.com/hotel/id/30301927h,Hampton by Hilton Bristol City Centre
http://example.com/hotel/id/30302746h,Hilton Brussels City
http://example.com/hotel/id/30306779h,Hilton Adelaide
http://example.com/hotel/id/30307361h,Hilton Hurghada Plaza
http://example.com/hotel/id/30308807h,Hilton Alexandria King's Ranch
http://example.com/hotel/id/30337433h,Hilton Garden Inn Volgograd
http://example.com/hotel/id/30346525h,Hilton Edinburgh Grosvenor
http://example.com/hotel/id/30347445h,DoubleTree by Hilton Hotel Milan
http://example.com/hotel/id/3037053h,Hilton Athens
http://example.com/hotel/id/30402016h,Hilton Belfast
http://example.com/hotel/id/30407987h,DoubleTree by Hilton Hotel Wroclaw
http://example.com/hotel/id/30409284h,Hilton Vienna Park
http://example.com/hotel/id/30438998h,Hilton Dusseldorf
http://example.com/hotel/id/30504052h,DoubleTree by Hilton Hotel London - Marble Arch
http://example.com/hotel/id/30504754h,Hilton Nottingham
http://example.com/hotel/id/30522857h,Hilton Brussels Grand Place
http://example.com/hotel/id/306000h,Abbasi Hotel
http://example.com/hotel/id/30644484h,Hotel Manger
http://example.com/hotel/id/30736107h,Hilton Imperial Dubrovnik
http://example.com/hotel/id/30927563h,Koriyama View Hotel Annex
http://example.com/hotel/id/30946698h,Hilton Garden Inn Hong Kong Mongkok
http://example.com/hotel/id/31277862h,Hilton Tallinn Park
http://example.com/hotel/id/3142395h,Hyatt Regency Paris Etoile
http://example.com/hotel/id/3153055h,InterContinental San Francisco
http://example.com/hotel/id/31827676h,U zlatého anděla
http://example.com/hotel/id/31827738h,U Medvídků
http://example.com/hotel/id/3185653h,Joseph Smith Memorial Building
http://example.com/hotel/id/31861463h,"Krajinská 41, Zátkův dům"
http://example.com/hotel/id/3192583h,Kanayama Minami Building
http://example.com/hotel/id/3278286h,Main Street Station Hotel and Casino and Brewery
http://example.com/hotel/id/3281025h,APA Hotel & Resort Tokyo Bay Makuhari
http://example.com/hotel/id/32947262h,Hilton Garden Inn New Delhi/Saket
http://example.com/hotel/id/33035435h,DoubleTree by Hilton Hotel Istanbul - Moda
http://example.com/hotel/id/33101471h,DoubleTree by Hilton Hotel Cluj - City Plaza
http://example.com/hotel/id/33189243h,Feuerschiff
http://example.com/hotel/id/33229354h,Hilton London Croydon
http://example.com/hotel/id/33382454h,DoubleTree by Hilton Hotel Melbourne - Flinders Street
http://example.com/hotel/id/3356472h,The Orleans
http://example.com/hotel/id/3359202h,Wyndham Grand İzmir Özdilek
http://example.com/hotel/id/3389734h,Place Bonaventure
http://example.com/hotel/id/3414568h,Quinta das Lágrimas
http://example.com/hotel/id/34204337h,Waldorf Astoria Dubai Palm Jumeirah
http://example.com/hotel/id/3471438h,San Francisco Marriott Marquis
http://example.com/hotel/id/3482309h,Shiodome Media Tower
http://example.com/hotel/id/3498798h,Hilton San Francisco Union Square
http://example.com/hotel/id/3533060h,Tour Duo
http://example.com/hotel/id/3545225h,"Sam's Town Hotel and Gambling Hall, Las Vegas"
http://example.com/hotel/id/3699364h,Culver Hotel
http://example.com/hotel/id/37857517h,Hampton by Hilton Birmingham Jewellery Quarter
http://example.com/hotel/id/37858337h,Hampton by Hilton Glasgow Central
http://example.com/hotel/id/37858682h,DoubleTree by Hilton Hotel Leeds City Centre
http://example.com/hotel/id/38251391h,3 V Tourist Court
http://example.com/hotel/id/38251968h,Bonneville Hotel
http://example.com/hotel/id/40037779h,Dämman
http://example.com/hotel/id/4040675h,Hilton Prague
http://example.com/hotel/id/41069183h,Hilton Amsterdam Airport Schiphol
http://example.com/hotel/id/41300192h,Hilton Pyramids Golf
http://example.com/hotel/id/42341625h,DoubleTree by Hilton Hotel London - Hyde Park
http://example.com/hotel/id/4260261h,Price Tower
http://example.com/hotel/id/4261094h,Downtown Grand Hotel & Casino
http://example.com/hotel/id/4261374h,Suncoast Hotel and Casino
http://example.com/hotel/id/4261384h,Las Vegas Club
http://example.com/hotel/id/4261513h,Grand Central Hotel
http://example.com/hotel/id/4272608h,Fairmont San Francisco
http://example.com/hotel/id/4272804h,Breakers Hotel
http://example.com/hotel/id/42748124h,Shah Abbasi Caravanserai of Abuzeydabad
http://example.com/hotel/id/42867978h,Tehrani House (Yazd)
http://example.com/hotel/id/42874514h,Golshan House (Yazd)
http://example.com/hotel/id/43031921h,Corona Hotel in Baia Sprie
http://example.com/hotel/id/43371249h,Brooks Hotel
http://example.com/hotel/id/4385582h,Page-Walker Hotel
http://example.com/hotel/id/44406603h,Hampshire House
http://example.com/hotel/id/4448816h,Tsukuba Center Building
http://example.com/hotel/id/4479814h,West Baden Springs Hotel
http://example.com/hotel/id/45316350h,DoubleTree by Hilton Hotel Edinburgh City Centre
http://example.com/hotel/id/45472344h,Hilton Tanger City Center Hotel & Residences
http://example.com/hotel/id/4596016h,1 Snow Hill Plaza
http://example.com/hotel/id/47004857h,Brandt Hotel
http://example.com/hotel/id/47166648h,Palau Benet-Desvilar
http://example.com/hotel/id/4725573h,Aliante Casino and Hotel
http://example.com/hotel/id/47401774h,Conrad Bora Bora Nui
http://example.com/hotel/id/47518776h,Millennium Hilton Bangkok
http://example.com/hotel/id/47902573h,Schloss Kölzow
http://example.com/hotel/id/4791273h,Arizona Charlie's Boulder
http://example.com/hotel/id/4792351h,Arlington Hotel
http://example.com/hotel/id/4793581h,Arminius Hotel
http://example.com/hotel/id/4806513h,Hilton Istanbul Bosphorus
http://example.com/hotel/id/4822225h,Hilton Izmir
http://example.com/hotel/id/4841991h,Baglioni Hotel
http://example.com/hotel/id/4842213h,Baha Mar
http://example.com/hotel/id/48843972h,Booth Hotel
http://example.com/hotel/id/49393251h,DoubleTree by Hilton Hotel Kuala Lumpur
http://example.com/hotel/id/4949600h,Boulder Station
http://example.com/hotel/id/49573628h,Hilton Cabo Verde Sal Resort
http://example.com/hotel/id/49593283h,Breite Straße 19
http://example.com/hotel/id/49593839h,Friedrichplatz 8
http://example.com/hotel/id/49594143h,Kurstraße 6
http://example.com/hotel/id/49595033h,Schloßstraße 5
http://example.com/hotel/id/4979998h,Bryan Building
http://example.com/hotel/id/49807274h,Hilton London Bankside
http://example.com/hotel/id/4985118h,Texas Station
http://example.com/hotel/id/4993716h,Castle of Alvito
http://example.com/hotel/id/4999251h,Burlington Hotel
http://example.com/hotel/id/50308536h,DoubleTree by Hilton Hotel Dubai - Jumeirah Beach
http://example.com/hotel/id/50353048h,Hilton Istanbul Bomonti Hotel & Conference Center
http://example.com/hotel/id/50356312h,Hotel Palace of Valencia
http://example.com/hotel/id/5049621h,Castaways Hotel and Casino
http://example.com/hotel/id/5049734h,Castle of Alcácer do Sal
http://example.com/hotel/id/5049843h,Castle of Vila Nova de Cerveira
http://example.com/hotel/id/50611971h,Hampton by Hilton London Gatwick Airport
http://example.com/hotel/id/5061223h,Central House Hotel
http://example.com/hotel/id/5065298h,Cerulean Tower
http://example.com/hotel/id/50809149h,Hilton Astana
http://example.com/hotel/id/50841764h,Hilton York
http://example.com/hotel/id/510121h,Schlosshotel Kronberg
http://example.com/hotel/id/51025456h,Hilton Garden Inn Florence Novoli
http://example.com/hotel/id/5120095h,Cimarron Hotel
http://example.com/hotel/id/51222702h,H10 Berlin Ku'damm
http://example.com/hotel/id/5179785h,Coworth House
http://example.com/hotel/id/51824364h,Hilton London Kensington
http://example.com/hotel/id/5189543h,Crowne Plaza Times Square
http://example.com/hotel/id/51918515h,Hilton Cairns
http://example.com/hotel/id/51956193h,Fort Piqua Plaza
http://example.com/hotel/id/5230243h,Davenport Hotel
http://example.com/hotel/id/52886668h,"Rome Cavalieri, A Waldorf Astoria Hotel"
http://example.com/hotel/id/5302326h,Dousman Hotel
http://example.com/hotel/id/5330926h,Eastside Cannery
http://example.com/hotel/id/5351073h,El Cortez
http://example.com/hotel/id/53632218h,DoubleTree by Hilton Hotel London ExCel
http://example.com/hotel/id/53806946h,Convento do Salvador
http://example.com/hotel/id/53881282h,Palacete do Chafariz d'El-Rei
http://example.com/hotel/id/53999203h,Hilton Niseko Village
http://example.com/hotel/id/5430586h,Hilton Cairo Heliopolis
http://example.com/hotel/id/54427554h,Dalmatia Tower
http://example.com/hotel/id/54474974h,Companhia de Moagens Harmonia
http://example.com/hotel/id/54475112h,Quinta da Pacheca
http://example.com/hotel/id/54475217h,NH Collection Porto Batalha
http://example.com/hotel/id/54475224h,Moov Hotel Porto Centro
http://example.com/hotel/id/546221h,Trump International Hotel and Tower
http://example.com/hotel/id/54652699h,DoubleTree Resort by Hilton Penang
http://example.com/hotel/id/5472026h,Fort Shelby Hotel
http://example.com/hotel/id/5472556h,Forte de São Sebastião
http://example.com/hotel/id/5475490h,"Four Seasons Hotel building, San Francisco"
http://example.com/hotel/id/5475499h,Four Seasons Hotel Chicago
http://example.com/hotel/id/54873914h,Clarke Hotel
http://example.com/hotel/id/550379h,Conrad Dubai
http://example.com/hotel/id/55075422h,Hippee Building
http://example.com/hotel/id/55185046h,Sint-Antonius van Paduakerk
http://example.com/hotel/id/55209416h,Harper House
http://example.com/hotel/id/55346142h,Convent of the Capuchinos
http://example.com/hotel/id/55347999h,Hilton Barcelona
http://example.com/hotel/id/5545989h,George Washington House
http://example.com/hotel/id/55605106h,Beaumont Hotel
http://example.com/hotel/id/55865629h,Hampton by Hilton Liverpool City Centre
http://example.com/hotel/id/5594050h,Hotel Gran Meliá Don Pepe
http://example.com/hotel/id/5594662h,Grand Hyatt San Francisco
http://example.com/hotel/id/5594866h,"Grand Palace Hotel, New Orleans"
http://example.com/hotel/id/5595660h,Brampton Grange
http://example.com/hotel/id/5602124h,Greektown Casino Hotel
http://example.com/hotel/id/56027180h,former station for biology Plön
http://example.com/hotel/id/56071855h,DoubleTree by Hilton Hotel & Spa Liverpool
http://example.com/hotel/id/56084920h,Clayton Crown Hotel
http://example.com/hotel/id/56085005h,Clayton Hotel Chiswick
http://example.com/hotel/id/56085020h,Clayton Hotel Leeds
http://example.com/hotel/id/56085053h,Clayton Hotel Birmingham
http://example.com/hotel/id/56085075h,Clayton Hotel Belfast
http://example.com/hotel/id/56150916h,Clayton Hotel Cardiff
http://example.com/hotel/id/56194854h,Hilton Garden Inn Orenburg
http://example.com/hotel/id/56214797h,Hilton Garden Inn Novorossiysk
http://example.com/hotel/id/5637110h,Hacienda
http://example.com/hotel/id/56446735h,Hilton Beijing Capital Airport
http://example.com/hotel/id/5646336h,Hampton by Hilton Liverpool/John Lennon Airport
http://example.com/hotel/id/56478942h,Hilton Kuwait Resort
http://example.com/hotel/id/56522910h,"Grand Hotel des Sablettes Plage, Curio Collection by Hilton"
http://example.com/hotel/id/56598554h,Canopy by Hilton Reykjavik City Centre
http://example.com/hotel/id/56651595h,Clayton Hotel Charlemont
http://example.com/hotel/id/56705491h,"former Hotel Castilla, Toledo"
http://example.com/hotel/id/56711100h,Edifício A Tarde
http://example.com/hotel/id/56827407h,Hilton Garden Inn Puchong
http://example.com/hotel/id/5683588h,Malek al-Tojar House (Yazd)
http://example.com/hotel/id/569978h,Caesars Palace
http://example.com/hotel/id/5705250h,Guged Caravanserai
http://example.com/hotel/id/5710559h,Paasitorni
http://example.com/hotel/id/57297679h,"Gran Vía 74, Madrid"
http://example.com/hotel/id/57385878h,Hampton by Hilton London Luton Airport
http://example.com/hotel/id/57613527h,Palazzo Montemartini
http://example.com/hotel/id/5764519h,Hilton Chennai
http://example.com/hotel/id/5764570h,Hilton Glasgow
http://example.com/hotel/id/5764576h,Hilton Hanoi Opera
http://example.com/hotel/id/5764637h,Hilton Liverpool City Centre
http://example.com/hotel/id/5764648h,Hilton London Metropole
http://example.com/hotel/id/5764652h,DoubleTree by Hilton Hotel Luxembourg
http://example.com/hotel/id/5764716h,Safir Sharm Waterfalls Resort
http://example.com/hotel/id/5764722h,Hilton Singapore
http://example.com/hotel/id/57739907h,Conrad Xiamen
http://example.com/hotel/id/5785660h,Convento Dominico de Nuestra Señora de la Consolación
http://example.com/hotel/id/58069409h,Hampton by Hilton Samara
http://example.com/hotel/id/58086658h,Hilton Garden Inn Ufa Riverside
http://example.com/hotel/id/58229015h,DoubleTree by Hilton Hotel Girona
http://example.com/hotel/id/587108h,Yokohama Landmark Tower
http://example.com/hotel/id/5872085h,Flour factory San José
http://example.com/hotel/id/5878173h,Malekzadeh House (Yazd)
http://example.com/hotel/id/5883194h,Qorban Alizadeh House
http://example.com/hotel/id/5884157h,Khoshnevis Mansion
http://example.com/hotel/id/5885917h,Kasra Vafadari House
http://example.com/hotel/id/5891776h,Moshir Garden
http://example.com/hotel/id/5892374h,Moshir Caravanserai
http://example.com/hotel/id/5894717h,Dr. Hojjat House
http://example.com/hotel/id/5901285h,Alafchian House
http://example.com/hotel/id/5903404h,Hotel Málaga Palacio
http://example.com/hotel/id/5903511h,"Hotel de las Letras, Madrid"
http://example.com/hotel/id/5907540h,Aminabad Caravanserai
http://example.com/hotel/id/5908224h,Shah Abbasi Caravanserai of Bisotun
http://example.com/hotel/id/5911169h,Hotel Alder
http://example.com/hotel/id/5911415h,Hilton Podgorica Crna Gora
http://example.com/hotel/id/5912133h,"Hagia Sofia Mansions Istanbul, Curio Collection by Hilton"
http://example.com/hotel/id/59131992h,DoubleTree by Hilton Hotel Minsk
http://example.com/hotel/id/59138963h,Hilton Garden Inn Moscow New Riga
http://example.com/hotel/id/5918301h,Banitaba House
http://example.com/hotel/id/5920727h,Manuchehri House (Kashan)
http://example.com/hotel/id/59209270h,Hilton Istanbul Maslak
http://example.com/hotel/id/59420694h,Clayton Hotel Sligo
http://example.com/hotel/id/59491160h,Clayton Hotel Cork City
http://example.com/hotel/id/59491401h,Clayton Whites Hotel
http://example.com/hotel/id/59492165h,Hilton Hua Hin Resort & Spa
http://example.com/hotel/id/59492195h,Clayton Hotel Silver Springs
http://example.com/hotel/id/59492250h,Clayton Hotel Galway
http://example.com/hotel/id/59492478h,Clayton hotel Leopardstown
http://example.com/hotel/id/59493677h,Clayton Hotel Liffey Valley
http://example.com/hotel/id/59519828h,house at V jirchářích 13
http://example.com/hotel/id/5952911h,Hyatt Regency San Francisco
http://example.com/hotel/id/5963275h,Ehsan House (Kashan)
http://example.com/hotel/id/59872505h,"George Hotel, Sydney"
http://example.com/hotel/id/59872532h,Trickett's Hotel
http://example.com/hotel/id/60055194h,"Wales House, Sydney"
http://example.com/hotel/id/60323642h,Hoff Building
http://example.com/hotel/id/60389409h,Ancienne église Saint-Nicolas
http://example.com/hotel/id/6044861h,"InterContinental Chicago Magnificent Mile, an IHG Hotel"
http://example.com/hotel/id/60452089h,Hilton Cape Town City Centre
http://example.com/hotel/id/6058109h,Antiguo Hotel Miramar
http://example.com/hotel/id/60641676h,"Grand Tirolia Hotel Kitzbuhel, Curio Collection by Hilton"
http://example.com/hotel/id/60642328h,Canopy by Hilton Zagreb - City Centre
http://example.com/hotel/id/60732352h,Hilton Garden Inn Dubai Al Jadaf Culture Village
http://example.com/hotel/id/60746742h,The Durant
http://example.com/hotel/id/60748351h,Harvey Hotel
http://example.com/hotel/id/60767158h,Oakland Hotel
http://example.com/hotel/id/60847568h,King's Casino Rozvadov
http://example.com/hotel/id/60912347h,Hampton by Hilton Freiburg
http://example.com/hotel/id/6108856h,JR Central Towers
http://example.com/hotel/id/61090457h,Transcorp Hilton Abuja
http://example.com/hotel/id/6109260h,JW Marriott San Francisco Union Square
http://example.com/hotel/id/6109264h,JW Marriott Las Vegas
http://example.com/hotel/id/61100884h,DoubleTree by Hilton Hotel London - West End
http://example.com/hotel/id/61114082h,"La Bagnaia Golf & Spa Resort Siena, Curio Collection by Hilton"
http://example.com/hotel/id/61165878h,"Hilton at St George's Park, Burton Upon Trent"
http://example.com/hotel/id/61357012h,Semnani House
http://example.com/hotel/id/61465403h,DoubleTree by Hilton Hotel Tyumen
http://example.com/hotel/id/61567322h,Hilton Newcastle Gateshead
http://example.com/hotel/id/61573625h,Hilton Surfers Paradise Hotel & Residences
http://example.com/hotel/id/616726h,Hooters Casino Hotel
http://example.com/hotel/id/61717587h,Hilton London Gatwick Airport
http://example.com/hotel/id/6172690h,Jeddah Hilton Hotel
http://example.com/hotel/id/61728255h,the Gibson Hotel
http://example.com/hotel/id/61741817h,The International
http://example.com/hotel/id/61868406h,DoubleTree by Hilton Hotel Woking
http://example.com/hotel/id/61885625h,Hilton Marsa Alam Nubian Resort
http://example.com/hotel/id/61888685h,Hilton Fiji Beach Resort and Spa
http://example.com/hotel/id/61897167h,Conrad Bangkok
http://example.com/hotel/id/62068054h,Conrad Cairo
http://example.com/hotel/id/62479268h,Hampton by Hilton Munich City West
http://example.com/hotel/id/63025895h,Hilton Dublin
http://example.com/hotel/id/63164854h,Hilton Garden Inn Luton North
http://example.com/hotel/id/63190257h,Hilton Brisbane
http://example.com/hotel/id/63296024h,Hilton Garden Inn Kuala Lumpur Jalan Tuanku Abdul Rahman South
http://example.com/hotel/id/634258h,Veer Towers
http://example.com/hotel/id/63435869h,Fort Worth Club Building
http://example.com/hotel/id/6353197h,Han-Lai New World Center
http://example.com/hotel/id/63608863h,DoubleTree by Hilton Hotel London - Victoria
http://example.com/hotel/id/637389h,Luxor Resort & Casino
http://example.com/hotel/id/63790123h,Hilton Garden Inn Kampala
http://example.com/hotel/id/63832005h,Hampton by Hilton Warsaw Mokotow
http://example.com/hotel/id/63859908h,Hilton Garden Inn Tirana
http://example.com/hotel/id/63869688h,DoubleTree by Hilton Kocaeli
http://example.com/hotel/id/63883252h,Hilton Moorea Lagoon Resort & Spa
http://example.com/hotel/id/63885416h,Hilton Garden Inn Birmingham Brindleyplace
http://example.com/hotel/id/63975276h,Hampton by Hilton Belfast City Centre
http://example.com/hotel/id/6411467h,King Edward Hotel
http://example.com/hotel/id/64152343h,DoubleTree by Hilton Cambridge Belfry
http://example.com/hotel/id/6421328h,Han-Hsien International Hotel
http://example.com/hotel/id/64363310h,DoubleTree by Hilton Hotel Bristol City Centre
http://example.com/hotel/id/6439146h,Krrish Square
http://example.com/hotel/id/6448583h,Vakil Caravanserai
http://example.com/hotel/id/646339h,Hotel Torni
http://example.com/hotel/id/64701276h,Hilton Seychelles Labriz Resort & Spa
http://example.com/hotel/id/64769038h,Washingtonova 23
http://example.com/hotel/id/64785112h,"Hotel Villa Magna, Madrid"
http://example.com/hotel/id/64822290h,Hilton Reykjavik Nordica
http://example.com/hotel/id/64827562h,Hilton Garden Inn Singapore Serangoon
http://example.com/hotel/id/64845950h,Hampton by Hilton Amsterdam / Arena Boulevard
http://example.com/hotel/id/64845961h,Conrad Algarve
http://example.com/hotel/id/64859000h,Hilton Colombo
http://example.com/hotel/id/64868965h,Hilton Garden Inn Bristol City Centre
http://example.com/hotel/id/64933804h,Hilton Garden Inn Ras Al Khaimah
http://example.com/hotel/id/6493973h,Lassen Hotel
http://example.com/hotel/id/64992591h,Hampton by Hilton Exeter Airport
http://example.com/hotel/id/65037569h,Parnitha Sanatorium
http://example.com/hotel/id/65042009h,Broadway Hotel
http://example.com/hotel/id/65042333h,The Salvation Army Building
http://example.com/hotel/id/65043882h,Rickman House
http://example.com/hotel/id/65218555h,"Danubius Hotel Hungaria City Center, Budapest"
http://example.com/hotel/id/6538417h,Zargar Yazdi House
http://example.com/hotel/id/654279h,Aria Resort and Casino
http://example.com/hotel/id/654906h,Binion's Horseshoe
http://example.com/hotel/id/656743h,Kingdom Centre
http://example.com/hotel/id/65769542h,DoubleTree by Hilton Carcassonne
http://example.com/hotel/id/65770076h,Hilton Garden Inn Glasgow City Centre
http://example.com/hotel/id/66382805h,Conrad Dublin
http://example.com/hotel/id/66423173h,Waldorf Astoria Ras Al Khaimah
http://example.com/hotel/id/66424172h,Hilton Nicosia
http://example.com/hotel/id/66424250h,Hilton Garden Inn Istanbul Golden Horn Turkey
http://example.com/hotel/id/66437370h,DoubleTree by Hilton Dubai - Business Bay
http://example.com/hotel/id/66439260h,DoubleTree by Hilton Hotel Gurgaon - New Delhi NCR
http://example.com/hotel/id/66586875h,Hilton Makkah Convention Hotel
http://example.com/hotel/id/66658603h,Hilton Pattaya
http://example.com/hotel/id/66660297h,Hilton Garden Inn Dubai Al Mina
http://example.com/hotel/id/66771676h,Hilton Shillim Estate Retreat & Spa
http://example.com/hotel/id/66813051h,"Palácio Hotel de Bussaco, Palacete Hotel do Buçaco"
http://example.com/hotel/id/66813690h,Castle of Estremoz
http://example.com/hotel/id/66814366h,"Hotel Ritz, incluindo o património integrado"
http://example.com/hotel/id/66924306h,Jurys Inn Leeds
http://example.com/hotel/id/66969081h,Hampton by Hilton Leeds City Centre
http://example.com/hotel/id/66969175h,Ibis Leeds Centre
http://example.com/hotel/id/66969326h,Hilton Leeds City
http://example.com/hotel/id/67013894h,DoubleTree by Hilton Hotel Olbia - Sardinia
http://example.com/hotel/id/67206508h,Hilton Garden Inn Rome Airport
http://example.com/hotel/id/6747847h,Mandarin Orchard Singapore
http://example.com/hotel/id/6747856h,Loews Regency San Francisco
http://example.com/hotel/id/6751307h,Manor Apartment Hotel
http://example.com/hotel/id/67765140h,Conrad Koh Samui
http://example.com/hotel/id/67863357h,Hilton Glasgow Grosvenor
http://example.com/hotel/id/67868674h,DoubleTree by Hilton Royal Parc Soestduinen
http://example.com/hotel/id/67874379h,Hampton by Hilton Dundee City Centre
http://example.com/hotel/id/67920401h,Hilton Malta
http://example.com/hotel/id/68121379h,Parkhotel Praha
http://example.com/hotel/id/68167138h,Hotel Pyramida
http://example.com/hotel/id/6824905h,Metropolis
http://example.com/hotel/id/6825178h,Hilton Beirut Metropolitan Palace
http://example.com/hotel/id/6869131h,Minor Sod House
http://example.com/hotel/id/6914041h,Morrison Hotel
http://example.com/hotel/id/691491h,Paris Las Vegas
http://example.com/hotel/id/69383898h,Hilton Sydney
http://example.com/hotel/id/69531148h,Hampton by Hilton Amsterdam Airport Schiphol
http://example.com/hotel/id/69647678h,Hilton Aberdeen TECA
http://example.com/hotel/id/696927h,Oheka Castle
http://example.com/hotel/id/70206906h,Hilton Garden Inn Kuala Lumpur Jalan Tuanku Abdul Rahman North
http://example.com/hotel/id/7040843h,Nisiyama Onsen Keiunkan
http://example.com/hotel/id/7126178h,Palace Hotel Residential Tower
http://example.com/hotel/id/713960h,MGM Grand Las Vegas
http://example.com/hotel/id/71409297h,Hilton London Watford
http://example.com/hotel/id/71817207h,Hampton by Hilton Warsaw Airport
http://example.com/hotel/id/71828738h,"Hilton Puckrup Hall, Tewkesbury"
http://example.com/hotel/id/7203612h,Plaza Hotel & Casino
http://example.com/hotel/id/72067004h,DoubleTree by Hilton Moscow - Vnukovo Airport
http://example.com/hotel/id/7216435h,Hilton Tel Aviv
http://example.com/hotel/id/72172868h,DoubleTree by Hilton Madrid - Prado
http://example.com/hotel/id/72177013h,Palacete B. Carrera
http://example.com/hotel/id/72278577h,Hilton Jaipur
http://example.com/hotel/id/7247936h,Professional Building
http://example.com/hotel/id/72812966h,Hilton Addis Ababa
http://example.com/hotel/id/7281354h,Hilton Dubai Creek
http://example.com/hotel/id/72988389h,DoubleTree by Hilton Hotel Zanzibar - Stone Town
http://example.com/hotel/id/7304924h,"Red Rock Casino, Resort & Spa"
http://example.com/hotel/id/731089h,Willard InterContinental Washington
http://example.com/hotel/id/73139954h,Hilton Tangier Al Houara Resort & Spa
http://example.com/hotel/id/73274620h,Pellihof
http://example.com/hotel/id/7336896h,Ritz-Carlton Chicago
http://example.com/hotel/id/73499085h,Hampton by Hilton Berlin City Centre Alexanderplatz
http://example.com/hotel/id/73621829h,Hilton Luxor Resort & Spa
http://example.com/hotel/id/73640935h,Santa Casa da Misericórdia de Óbidos
http://example.com/hotel/id/7374338h,Royal Insurance Building
http://example.com/hotel/id/737602h,Aspire Tower
http://example.com/hotel/id/73879785h,Hilton Mandalay
http://example.com/hotel/id/73898961h,Hilton Garden Inn Zagreb - Radnicka
http://example.com/hotel/id/739914h,Rio All-Suite Hotel and Casino
http://example.com/hotel/id/7419570h,Santa Fe Station
http://example.com/hotel/id/743147h,Hotel Negresco
http://example.com/hotel/id/74527699h,Hilton Capital Grand Abu Dhabi
http://example.com/hotel/id/74665770h,DoubleTree by Hilton Hotel Jakarta - Diponegoro
http://example.com/hotel/id/74812978h,DoubleTree by Hilton Hotel Aqaba
http://example.com/hotel/id/75018491h,Hilton Garden Inn Krakow
http://example.com/hotel/id/7503956h,Shrigley Hall
http://example.com/hotel/id/7520490h,Simonsbath House
http://example.com/hotel/id/752939h,RMS Queen Mary
http://example.com/hotel/id/7553765h,Sofitel Chicago Water Tower
http://example.com/hotel/id/7553767h,DoubleTree by Hilton Hotel Shanghai - Pudong
http://example.com/hotel/id/7553769h,Pullman Bangkok Hotel G
http://example.com/hotel/id/75721557h,DoubleTree by Hilton Edinburgh - Queensferry Crossing
http://example.com/hotel/id/7575371h,Speech House
http://example.com/hotel/id/7591596h,St. Regis Museum Tower
http://example.com/hotel/id/75971164h,Hilton Garden Inn Riyadh Olaya
http://example.com/hotel/id/76021053h,ANA Crowne Plaza Akita
http://example.com/hotel/id/76355045h,Arena Center
http://example.com/hotel/id/7641354h,Sunset Station
http://example.com/hotel/id/7643550h,Superior Oil Company Building
http://example.com/hotel/id/76620470h,Hampton by Hilton Dubai Al Barsha
http://example.com/hotel/id/76721707h,Hilton Kuching
http://example.com/hotel/id/76724214h,DoubleTree by Hilton Krakow Hotel & Convention Center
http://example.com/hotel/id/76726211h,DoubleTree by Hilton Hotel Moscow - Marina
http://example.com/hotel/id/76795105h,Hilton Sharks Bay Resort
http://example.com/hotel/id/7720948h,The Cairo
http://example.com/hotel/id/7730896h,The Drayton Court
http://example.com/hotel/id/7736171h,The George Hotel
http://example.com/hotel/id/77416106h,DoubleTree by Hilton Glasgow Westerwood Spa & Golf Resort
http://example.com/hotel/id/77418726h,Hilton Garden Inn Lusaka Society Business Park
http://example.com/hotel/id/7745429h,The Landmark Hotel and Casino
http://example.com/hotel/id/7754900h,"The Old Rectory, St Columb Major"
http://example.com/hotel/id/7756547h,The Peninsula Chicago
http://example.com/hotel/id/7774298h,The Western
http://example.com/hotel/id/779373h,The Linq
http://example.com/hotel/id/78036841h,Hilton Guam Resort & Spa
http://example.com/hotel/id/78054939h,"AlRayyan Hotel Doha, Curio Collection by Hilton"
http://example.com/hotel/id/7832418h,"The Trafalgar St. James London, Curio Collection by Hilton"
http://example.com/hotel/id/78897920h,"West Hotel Sydney, Curio Collection by Hilton"
http://example.com/hotel/id/79309518h,MLC Building
http://example.com/hotel/id/7969454h,Merdeka 118
http://example.com/hotel/id/7988922h,Westin Las Vegas
http://example.com/hotel/id/7988923h,Westin San Francisco Market Street
http://example.com/hotel/id/7988926h,Westin St. Francis
http://example.com/hotel/id/79942014h,Hotel Amigo
http://example.com/hotel/id/804686h,Balboa Inn
http://example.com/hotel/id/804702h,Balch Hotel
http://example.com/hotel/id/805467h,Bally's Las Vegas Hotel & Casino
http://example.com/hotel/id/81100400h,Casa Pere Villoch
http://example.com/hotel/id/81100403h,Edifici Companyia Transatlàntica
http://example.com/hotel/id/81495406h,DoubleTree by Hilton Bangkok Ploenchit
http://example.com/hotel/id/84029894h,Hampton by Hilton Nuremberg City Centre
http://example.com/hotel/id/845846h,"The STRAT Hotel, Casino & SkyPod"
http://example.com/hotel/id/851102h,Hotel Kvarner
http://example.com/hotel/id/85749503h,Bump Block-Bellevue House-Hawthorne Hotel
http://example.com/hotel/id/85758819h,El Monte Hotel
http://example.com/hotel/id/85802924h,St. Nicholas Hotel
http://example.com/hotel/id/85845504h,Berwyn Apartments
http://example.com/hotel/id/86595792h,Valkealinna
http://example.com/hotel/id/86754328h,Inez Hotel
http://example.com/hotel/id/869378h,California Hotel and Casino
http://example.com/hotel/id/89425684h,Rawema-Haus
http://example.com/hotel/id/896259h,Monrepos
http://example.com/hotel/id/900983h,The Mirage
http://example.com/hotel/id/90404749h,Hilton Durban
http://example.com/hotel/id/9054487h,Palácio do Freixo
http://example.com/hotel/id/90545243h,Hilton Garden Inn Sevilla
http://example.com/hotel/id/90682834h,Hilton Sandton
http://example.com/hotel/id/91607548h,Hilton Suites Makkah
http://example.com/hotel/id/916673h,The Signature at MGM Grand
http://example.com/hotel/id/92176916h,Hilton London Heathrow Airport Terminal 5
http://example.com/hotel/id/92263872h,Hilton Dublin Kilmainham
http://example.com/hotel/id/9294078h,Hilton Gdańsk
http://example.com/hotel/id/9294080h,Hotel Jalta
http://example.com/hotel/id/9294281h,Ameri House
http://example.com/hotel/id/93121772h,Hôtel Napoléon
http://example.com/hotel/id/9358597h,El Rancho Hotel and Casino
http://example.com/hotel/id/952861h,World Trade Centre Montreal
http://example.com/hotel/id/96377064h,Hilton Bursa Convention Center and Spa
http://example.com/hotel/id/96743206h,Great Falls Tavern
http://example.com/hotel/id/96757505h,Pazo of the Maceda Counts
http://example.com/hotel/id/96787014h,Hilton Garden Inn Kuwait
http://example.com/hotel/id/979477h,Athenee Palace Hilton Bucharest
http://example.com/hotel/id/98407274h,Albertinkatu 34 - Lönnrotinkatu 26
http://example.com/hotel/id/98407275h,Albertinkatu 34
http://example.com/hotel/id/98407311h,Annankatu 1
http://example.com/hotel/id/98412731h,Hotelli Helsinki
http://example.com/hotel/id/98412733h,Hotelli Marskin talo
http://example.com/hotel/id/98413370h,Kanavakatu 8
http://example.com/hotel/id/98432053h,Pohjoinen Rautatiekatu 23
http://example.com/hotel/id/98433308h,Valion juustovaraston rakennus
http://example.com/hotel/id/98433345h,Valtion biokemiallisen tutkimuslaitoksen laboratoriorakennus
http://example.com/hotel/id/98433742h,Katajanokan vankilan rakennus
http://example.com/hotel/id/98433825h,Suomi-yhtiön talo
http://example.com/hotel/id/98550889h,Villa Gaia
http://example.com/hotel/id/98582250h,Hotel Villa
http://example.com/hotel/id/9871323h,Convento das Eremitas de Santo Agostinho
http://example.com/hotel/id/98784123h,"Stadshotellet, Karlstad"
http://example.com/hotel/id/99454646h,Conrad Bengaluru
http://example.com/hotel/id/995338h,Bryson Apartment Hotel
http://example.com/hotel/id/99583717h,Hôtel van Ertborn
http://example.com/hotel/id/99703247h,Grand Hôtel
